,danceability,energy,key,loudness,mode,speechiness,acousticness,instrumentalness,liveness,valence,tempo,type,id,uri,track_href,analysis_url,duration_ms,time_signature
0,0.613,0.764,2,-6.509,1,0.136,0.0527,0.0,0.197,0.417,160.015,audio_features,2yLa0QULdQr0qAIvVwN6B5,spotify:track:2yLa0QULdQr0qAIvVwN6B5,https://api.spotify.com/v1/tracks/2yLa0QULdQr0qAIvVwN6B5,https://api.spotify.com/v1/audio-analysis/2yLa0QULdQr0qAIvVwN6B5,208187,4
1,0.687,0.845,7,-4.37,1,0.0576,0.1,0.0,0.0452,0.809,87.972,audio_features,4Vxu50qVrQcycjRyJQaZLC,spotify:track:4Vxu50qVrQcycjRyJQaZLC,https://api.spotify.com/v1/tracks/4Vxu50qVrQcycjRyJQaZLC,https://api.spotify.com/v1/audio-analysis/4Vxu50qVrQcycjRyJQaZLC,190227,4
2,0.818,0.803,1,-4.282,1,0.0797,0.034,0.0,0.153,0.632,106.97,audio_features,6b8Be6ljOzmkOmFslEb23P,spotify:track:6b8Be6ljOzmkOmFslEb23P,https://api.spotify.com/v1/tracks/6b8Be6ljOzmkOmFslEb23P,https://api.spotify.com/v1/audio-analysis/6b8Be6ljOzmkOmFslEb23P,225983,4
3,0.624,0.876,9,-3.374,1,0.1,0.0735,0.0,0.327,0.781,99.943,audio_features,0afhq8XCExXpqazXczTSve,spotify:track:0afhq8XCExXpqazXczTSve,https://api.spotify.com/v1/tracks/0afhq8XCExXpqazXczTSve,https://api.spotify.com/v1/audio-analysis/0afhq8XCExXpqazXczTSve,170827,4
4,0.614,0.379,4,-10.48,1,0.0476,0.607,0.000464,0.0986,0.201,107.989,audio_features,1HNkqx9Ahdgi1Ixy2xkKkL,spotify:track:1HNkqx9Ahdgi1Ixy2xkKkL,https://api.spotify.com/v1/tracks/1HNkqx9Ahdgi1Ixy2xkKkL,https://api.spotify.com/v1/audio-analysis/1HNkqx9Ahdgi1Ixy2xkKkL,258987,4
5,0.765,0.523,2,-4.333,1,0.03,0.184,3.56e-05,0.132,0.394,104.988,audio_features,1rfofaqEpACxVEHIZBJe6W,spotify:track:1rfofaqEpACxVEHIZBJe6W,https://api.spotify.com/v1/tracks/1rfofaqEpACxVEHIZBJe6W,https://api.spotify.com/v1/audio-analysis/1rfofaqEpACxVEHIZBJe6W,217307,4
6,0.612,0.28,0,-8.648,1,0.0434,0.932,0.0,0.088,0.387,72.795,audio_features,0nJW01T7XtvILxQgC5J7Wh,spotify:track:0nJW01T7XtvILxQgC5J7Wh,https://api.spotify.com/v1/tracks/0nJW01T7XtvILxQgC5J7Wh,https://api.spotify.com/v1/audio-analysis/0nJW01T7XtvILxQgC5J7Wh,213827,4
7,0.415,0.538,9,-12.71,0,0.0368,0.4,0.767,0.0674,0.449,95.121,audio_features,6C2PfemHQul77DVpnvuAIs,spotify:track:6C2PfemHQul77DVpnvuAIs,https://api.spotify.com/v1/tracks/6C2PfemHQul77DVpnvuAIs,https://api.spotify.com/v1/audio-analysis/6C2PfemHQul77DVpnvuAIs,170240,4
8,0.783,0.61,7,-6.124,1,0.0696,0.343,0.0,0.0983,0.418,100.047,audio_features,5o3GnrcFtvkdf3zFznuSbA,spotify:track:5o3GnrcFtvkdf3zFznuSbA,https://api.spotify.com/v1/tracks/5o3GnrcFtvkdf3zFznuSbA,https://api.spotify.com/v1/audio-analysis/5o3GnrcFtvkdf3zFznuSbA,214265,4
9,0.781,0.445,2,-6.061,1,0.0295,0.474,0.0,0.184,0.591,78.998,audio_features,34gCuhDGsG4bRPIf9bb02f,spotify:track:34gCuhDGsG4bRPIf9bb02f,https://api.spotify.com/v1/tracks/34gCuhDGsG4bRPIf9bb02f,https://api.spotify.com/v1/audio-analysis/34gCuhDGsG4bRPIf9bb02f,281560,4
10,0.471,0.924,8,-3.906,1,0.0586,0.00301,0.0,0.313,0.725,154.961,audio_features,3528IXKpbb7OMjdjWYlbfD,spotify:track:3528IXKpbb7OMjdjWYlbfD,https://api.spotify.com/v1/tracks/3528IXKpbb7OMjdjWYlbfD,https://api.spotify.com/v1/audio-analysis/3528IXKpbb7OMjdjWYlbfD,177280,4
11,0.628,0.676,7,-5.911,1,0.0916,0.00957,2.65e-05,0.121,0.75,85.984,audio_features,0VwNdo84DaVYLIkbVO86ND,spotify:track:0VwNdo84DaVYLIkbVO86ND,https://api.spotify.com/v1/tracks/0VwNdo84DaVYLIkbVO86ND,https://api.spotify.com/v1/audio-analysis/0VwNdo84DaVYLIkbVO86ND,193147,4
12,0.652,0.802,7,-6.114,1,0.181,0.0871,6.45e-06,0.148,0.295,170.157,audio_features,0TvQLMecTE8utzoNmvXRbK,spotify:track:0TvQLMecTE8utzoNmvXRbK,https://api.spotify.com/v1/tracks/0TvQLMecTE8utzoNmvXRbK,https://api.spotify.com/v1/audio-analysis/0TvQLMecTE8utzoNmvXRbK,211933,4
13,0.421,0.873,10,-4.343,1,0.0564,0.0654,0.0,0.123,0.629,84.786,audio_features,7wMq5n8mYSKlQIGECKUgTX,spotify:track:7wMq5n8mYSKlQIGECKUgTX,https://api.spotify.com/v1/tracks/7wMq5n8mYSKlQIGECKUgTX,https://api.spotify.com/v1/audio-analysis/7wMq5n8mYSKlQIGECKUgTX,202533,4
14,0.743,0.752,4,-4.813,1,0.0414,0.0188,0.0,0.287,0.545,110.015,audio_features,1XGmzt0PVuFgQYYnV2It7A,spotify:track:1XGmzt0PVuFgQYYnV2It7A,https://api.spotify.com/v1/tracks/1XGmzt0PVuFgQYYnV2It7A,https://api.spotify.com/v1/audio-analysis/1XGmzt0PVuFgQYYnV2It7A,231173,4
15,0.748,0.788,1,-7.055,1,0.0334,0.0591,0.0,0.0863,0.884,120.076,audio_features,2iuZJX9X9P0GKaE93xcPjk,spotify:track:2iuZJX9X9P0GKaE93xcPjk,https://api.spotify.com/v1/tracks/2iuZJX9X9P0GKaE93xcPjk,https://api.spotify.com/v1/audio-analysis/2iuZJX9X9P0GKaE93xcPjk,235493,4
16,0.702,0.795,1,-4.764,1,0.0568,0.329,0.0,0.0505,0.836,83.961,audio_features,0JcKdUGNR7zI4jJDLyYXbi,spotify:track:0JcKdUGNR7zI4jJDLyYXbi,https://api.spotify.com/v1/tracks/0JcKdUGNR7zI4jJDLyYXbi,https://api.spotify.com/v1/audio-analysis/0JcKdUGNR7zI4jJDLyYXbi,247587,4
17,0.853,0.56,1,-4.961,1,0.0406,0.013,0.0,0.0944,0.86,134.066,audio_features,0KKkJNfGyhkQ5aFogxQAPU,spotify:track:0KKkJNfGyhkQ5aFogxQAPU,https://api.spotify.com/v1/tracks/0KKkJNfGyhkQ5aFogxQAPU,https://api.spotify.com/v1/audio-analysis/0KKkJNfGyhkQ5aFogxQAPU,206693,4
18,0.536,0.768,10,-5.948,0,0.0347,0.00433,0.0,0.114,0.545,77.217,audio_features,2Bs4jQEGMycglOfWPBqrVG,spotify:track:2Bs4jQEGMycglOfWPBqrVG,https://api.spotify.com/v1/tracks/2Bs4jQEGMycglOfWPBqrVG,https://api.spotify.com/v1/audio-analysis/2Bs4jQEGMycglOfWPBqrVG,228133,4
19,0.609,0.668,7,-4.284,1,0.0367,0.0552,0.0,0.167,0.811,80.924,audio_features,3DXncPQOG4VBw3QHh3S817,spotify:track:3DXncPQOG4VBw3QHh3S817,https://api.spotify.com/v1/tracks/3DXncPQOG4VBw3QHh3S817,https://api.spotify.com/v1/audio-analysis/3DXncPQOG4VBw3QHh3S817,288600,4
20,0.553,0.664,8,-7.417,1,0.0741,0.0709,0.0056,0.106,0.467,140.06,audio_features,3fVnlF4pGqWI9flVENcT28,spotify:track:3fVnlF4pGqWI9flVENcT28,https://api.spotify.com/v1/tracks/3fVnlF4pGqWI9flVENcT28,https://api.spotify.com/v1/audio-analysis/3fVnlF4pGqWI9flVENcT28,220440,4
21,0.799,0.539,1,-6.351,1,0.0421,0.199,1.66e-05,0.165,0.394,136.948,audio_features,5Z3GHaZ6ec9bsiI5BenrbY,spotify:track:5Z3GHaZ6ec9bsiI5BenrbY,https://api.spotify.com/v1/tracks/5Z3GHaZ6ec9bsiI5BenrbY,https://api.spotify.com/v1/audio-analysis/5Z3GHaZ6ec9bsiI5BenrbY,202547,4
22,0.706,0.8,5,-6.333,1,0.0399,0.00584,0.0,0.0822,0.629,100.011,audio_features,3U5JVgI2x4rDyHGObzJfNf,spotify:track:3U5JVgI2x4rDyHGObzJfNf,https://api.spotify.com/v1/tracks/3U5JVgI2x4rDyHGObzJfNf,https://api.spotify.com/v1/audio-analysis/3U5JVgI2x4rDyHGObzJfNf,259333,4
23,0.778,0.549,1,-6.144,1,0.0473,0.0549,0.0,0.0724,0.802,133.041,audio_features,3zSCNTXI7Ed0PiidZVmzIe,spotify:track:3zSCNTXI7Ed0PiidZVmzIe,https://api.spotify.com/v1/tracks/3zSCNTXI7Ed0PiidZVmzIe,https://api.spotify.com/v1/audio-analysis/3zSCNTXI7Ed0PiidZVmzIe,186040,4
24,0.623,0.449,5,-13.333,1,0.0253,0.212,0.0,0.0613,0.572,84.383,audio_features,5tVA6TkbaAH9QMITTQRrNv,spotify:track:5tVA6TkbaAH9QMITTQRrNv,https://api.spotify.com/v1/tracks/5tVA6TkbaAH9QMITTQRrNv,https://api.spotify.com/v1/audio-analysis/5tVA6TkbaAH9QMITTQRrNv,256000,4
25,0.491,0.583,7,-10.964,1,0.0376,0.185,0.0,0.406,0.908,150.566,audio_features,3yrSvpt2l1xhsV9Em88Pul,spotify:track:3yrSvpt2l1xhsV9Em88Pul,https://api.spotify.com/v1/tracks/3yrSvpt2l1xhsV9Em88Pul,https://api.spotify.com/v1/audio-analysis/3yrSvpt2l1xhsV9Em88Pul,183307,4
26,0.668,0.718,1,-4.736,0,0.0605,0.0165,0.0,0.104,0.345,91.993,audio_features,4fINc8dnfcz7AdhFYVA4i7,spotify:track:4fINc8dnfcz7AdhFYVA4i7,https://api.spotify.com/v1/tracks/4fINc8dnfcz7AdhFYVA4i7,https://api.spotify.com/v1/audio-analysis/4fINc8dnfcz7AdhFYVA4i7,192200,4
27,0.673,0.886,1,-4.44,0,0.0431,0.185,0.0,0.0826,0.795,97.012,audio_features,4HlFJV71xXKIGcU3kRyttv,spotify:track:4HlFJV71xXKIGcU3kRyttv,https://api.spotify.com/v1/tracks/4HlFJV71xXKIGcU3kRyttv,https://api.spotify.com/v1/audio-analysis/4HlFJV71xXKIGcU3kRyttv,216773,4
28,0.801,0.795,1,-5.115,0,0.0504,0.0417,0.000113,0.0717,0.754,79.028,audio_features,6QgjcU0zLnzq5OrUoSZ3OK,spotify:track:6QgjcU0zLnzq5OrUoSZ3OK,https://api.spotify.com/v1/tracks/6QgjcU0zLnzq5OrUoSZ3OK,https://api.spotify.com/v1/audio-analysis/6QgjcU0zLnzq5OrUoSZ3OK,163253,4
29,0.748,0.524,8,-5.599,1,0.0338,0.414,0.0,0.111,0.661,95.01,audio_features,7BKLCZ1jbUBVqRi2FVlTVw,spotify:track:7BKLCZ1jbUBVqRi2FVlTVw,https://api.spotify.com/v1/tracks/7BKLCZ1jbUBVqRi2FVlTVw,https://api.spotify.com/v1/audio-analysis/7BKLCZ1jbUBVqRi2FVlTVw,244960,4
30,0.669,0.832,0,-5.721,1,0.0682,0.0106,0.0,0.0968,0.7,113.035,audio_features,1WkMMavIMc4JZ8cfMmxHkI,spotify:track:1WkMMavIMc4JZ8cfMmxHkI,https://api.spotify.com/v1/tracks/1WkMMavIMc4JZ8cfMmxHkI,https://api.spotify.com/v1/audio-analysis/1WkMMavIMc4JZ8cfMmxHkI,237547,4
31,0.758,0.712,7,-3.781,1,0.112,0.0185,0.0,0.0677,0.795,149.998,audio_features,2q4rjDy9WhaN3o9MvDbO21,spotify:track:2q4rjDy9WhaN3o9MvDbO21,https://api.spotify.com/v1/tracks/2q4rjDy9WhaN3o9MvDbO21,https://api.spotify.com/v1/audio-analysis/2q4rjDy9WhaN3o9MvDbO21,193387,4
32,0.856,0.609,0,-7.223,1,0.0824,0.00801,8.15e-05,0.0344,0.928,114.988,audio_features,32OlwWuMpZ6b0aN2RZOeMS,spotify:track:32OlwWuMpZ6b0aN2RZOeMS,https://api.spotify.com/v1/tracks/32OlwWuMpZ6b0aN2RZOeMS,https://api.spotify.com/v1/audio-analysis/32OlwWuMpZ6b0aN2RZOeMS,269667,4
33,0.76,0.703,5,-5.412,1,0.054,0.103,0.0,0.0913,0.57,95.997,audio_features,1u8c2t2Cy7UBoG4ArRcF5g,spotify:track:1u8c2t2Cy7UBoG4ArRcF5g,https://api.spotify.com/v1/tracks/1u8c2t2Cy7UBoG4ArRcF5g,https://api.spotify.com/v1/audio-analysis/1u8c2t2Cy7UBoG4ArRcF5g,231827,4
34,0.722,0.761,11,-4.459,0,0.0475,0.0117,0.0,0.315,0.624,128.044,audio_features,7pYfyrMNPn3wtoCyqcTVoI,spotify:track:7pYfyrMNPn3wtoCyqcTVoI,https://api.spotify.com/v1/tracks/7pYfyrMNPn3wtoCyqcTVoI,https://api.spotify.com/v1/audio-analysis/7pYfyrMNPn3wtoCyqcTVoI,201493,4
35,0.554,0.772,7,-4.821,0,0.0418,0.00487,6.6e-06,0.354,0.455,179.984,audio_features,6F5c58TMEs1byxUstkzVeM,spotify:track:6F5c58TMEs1byxUstkzVeM,https://api.spotify.com/v1/tracks/6F5c58TMEs1byxUstkzVeM,https://api.spotify.com/v1/audio-analysis/6F5c58TMEs1byxUstkzVeM,223546,4
36,0.715,0.951,6,-6.488,1,0.132,0.152,0.0,0.302,0.671,126.643,audio_features,7Cp69rNBwU0gaFT8zxExlE,spotify:track:7Cp69rNBwU0gaFT8zxExlE,https://api.spotify.com/v1/tracks/7Cp69rNBwU0gaFT8zxExlE,https://api.spotify.com/v1/audio-analysis/7Cp69rNBwU0gaFT8zxExlE,284867,4
37,0.687,0.745,6,-4.432,1,0.0379,0.178,1.59e-05,0.111,0.435,129.966,audio_features,1GEBsLDvJGw7kviySRI6GX,spotify:track:1GEBsLDvJGw7kviySRI6GX,https://api.spotify.com/v1/tracks/1GEBsLDvJGw7kviySRI6GX,https://api.spotify.com/v1/audio-analysis/1GEBsLDvJGw7kviySRI6GX,232120,4
38,0.539,0.702,6,-7.291,1,0.0436,0.00245,2.37e-05,0.117,0.206,118.106,audio_features,5vollujufHY0jMZxx77VWr,spotify:track:5vollujufHY0jMZxx77VWr,https://api.spotify.com/v1/tracks/5vollujufHY0jMZxx77VWr,https://api.spotify.com/v1/audio-analysis/5vollujufHY0jMZxx77VWr,301867,4
39,0.622,0.469,3,-6.798,0,0.0363,0.00454,2.25e-06,0.0335,0.679,77.019,audio_features,6FB3v4YcR57y4tXFcdxI1E,spotify:track:6FB3v4YcR57y4tXFcdxI1E,https://api.spotify.com/v1/tracks/6FB3v4YcR57y4tXFcdxI1E,https://api.spotify.com/v1/audio-analysis/6FB3v4YcR57y4tXFcdxI1E,219720,4
40,0.774,0.753,4,-5.446,0,0.0517,0.152,0.0,0.0371,0.896,119.002,audio_features,76hfruVvmfQbw0eYn1nmeC,spotify:track:76hfruVvmfQbw0eYn1nmeC,https://api.spotify.com/v1/tracks/76hfruVvmfQbw0eYn1nmeC,https://api.spotify.com/v1/audio-analysis/76hfruVvmfQbw0eYn1nmeC,219147,4
41,0.783,0.58,7,-6.548,1,0.0408,0.0114,2.28e-06,0.108,0.66,120.021,audio_features,20I6sIOMTCkB6w7ryavxtO,spotify:track:20I6sIOMTCkB6w7ryavxtO,https://api.spotify.com/v1/tracks/20I6sIOMTCkB6w7ryavxtO,https://api.spotify.com/v1/audio-analysis/20I6sIOMTCkB6w7ryavxtO,193400,4
42,0.661,0.729,7,-6.561,1,0.0376,0.00215,0.0013,0.0477,0.668,103.987,audio_features,6ce41JVa6KFaryfmC2bu2W,spotify:track:6ce41JVa6KFaryfmC2bu2W,https://api.spotify.com/v1/tracks/6ce41JVa6KFaryfmC2bu2W,https://api.spotify.com/v1/audio-analysis/6ce41JVa6KFaryfmC2bu2W,232120,4
43,0.791,0.754,0,-3.729,1,0.0569,0.00446,0.0,0.163,0.425,125.014,audio_features,6tS3XVuOyu10897O3ae7bi,spotify:track:6tS3XVuOyu10897O3ae7bi,https://api.spotify.com/v1/tracks/6tS3XVuOyu10897O3ae7bi,https://api.spotify.com/v1/audio-analysis/6tS3XVuOyu10897O3ae7bi,234653,4
44,0.793,0.634,7,-4.807,1,0.0324,0.038,1.76e-06,0.304,0.615,117.023,audio_features,10nqz67NQWWa7XPq7ycihi,spotify:track:10nqz67NQWWa7XPq7ycihi,https://api.spotify.com/v1/tracks/10nqz67NQWWa7XPq7ycihi,https://api.spotify.com/v1/audio-analysis/10nqz67NQWWa7XPq7ycihi,212600,4
45,0.667,0.659,2,-4.932,1,0.0298,0.113,0.0,0.325,0.575,89.128,audio_features,43H3q2NWT9LCuYS1B5IUvV,spotify:track:43H3q2NWT9LCuYS1B5IUvV,https://api.spotify.com/v1/tracks/43H3q2NWT9LCuYS1B5IUvV,https://api.spotify.com/v1/audio-analysis/43H3q2NWT9LCuYS1B5IUvV,203440,4
46,0.617,0.741,2,-3.97,1,0.0311,0.131,0.0,0.0772,0.306,118.984,audio_features,1D4PL9B8gOg78jiHg3FvBb,spotify:track:1D4PL9B8gOg78jiHg3FvBb,https://api.spotify.com/v1/tracks/1D4PL9B8gOg78jiHg3FvBb,https://api.spotify.com/v1/audio-analysis/1D4PL9B8gOg78jiHg3FvBb,236267,4
47,0.843,0.553,6,-7.348,1,0.0317,0.168,2.66e-06,0.107,0.825,115.997,audio_features,3CI1f4yLwdHzcUnH7o0Xyh,spotify:track:3CI1f4yLwdHzcUnH7o0Xyh,https://api.spotify.com/v1/tracks/3CI1f4yLwdHzcUnH7o0Xyh,https://api.spotify.com/v1/audio-analysis/3CI1f4yLwdHzcUnH7o0Xyh,254320,4
48,0.588,0.791,7,-5.595,1,0.0402,0.00245,0.00258,0.118,0.487,94.933,audio_features,0ug5NqcwcFR2xrfTkc7k8e,spotify:track:0ug5NqcwcFR2xrfTkc7k8e,https://api.spotify.com/v1/tracks/0ug5NqcwcFR2xrfTkc7k8e,https://api.spotify.com/v1/audio-analysis/0ug5NqcwcFR2xrfTkc7k8e,231000,4
49,0.647,0.8,7,-5.384,1,0.165,0.0647,0.0,0.334,0.942,160.078,audio_features,0cqRj7pUJDkTCEsJkx8snD,spotify:track:0cqRj7pUJDkTCEsJkx8snD,https://api.spotify.com/v1/tracks/0cqRj7pUJDkTCEsJkx8snD,https://api.spotify.com/v1/audio-analysis/0cqRj7pUJDkTCEsJkx8snD,219200,4
50,0.57,0.747,4,-3.978,1,0.0426,0.445,0.0,0.219,0.808,164.004,audio_features,0KztjtD3ytzgYjUKIVfBnW,spotify:track:0KztjtD3ytzgYjUKIVfBnW,https://api.spotify.com/v1/tracks/0KztjtD3ytzgYjUKIVfBnW,https://api.spotify.com/v1/audio-analysis/0KztjtD3ytzgYjUKIVfBnW,237747,4
51,0.8,0.535,7,-6.684,1,0.135,0.0713,9.48e-06,0.213,0.451,92.027,audio_features,1ZY1PqizIl78geGM4xWlEA,spotify:track:1ZY1PqizIl78geGM4xWlEA,https://api.spotify.com/v1/tracks/1ZY1PqizIl78geGM4xWlEA,https://api.spotify.com/v1/audio-analysis/1ZY1PqizIl78geGM4xWlEA,209680,4
52,0.626,0.44,10,-6.942,1,0.0232,0.331,0.0,0.146,0.259,99.962,audio_features,7snx7w5WZLHovS0xC45ZfP,spotify:track:7snx7w5WZLHovS0xC45ZfP,https://api.spotify.com/v1/tracks/7snx7w5WZLHovS0xC45ZfP,https://api.spotify.com/v1/audio-analysis/7snx7w5WZLHovS0xC45ZfP,204707,4
53,0.422,0.264,8,-7.064,1,0.0322,0.922,0.0,0.132,0.331,119.93,audio_features,3U4isOIWM3VvDubwSI3y7a,spotify:track:3U4isOIWM3VvDubwSI3y7a,https://api.spotify.com/v1/tracks/3U4isOIWM3VvDubwSI3y7a,https://api.spotify.com/v1/audio-analysis/3U4isOIWM3VvDubwSI3y7a,269560,4
54,0.479,0.545,7,-7.346,1,0.0688,0.365,0.0,0.0963,0.244,74.897,audio_features,5rEvuW4YhwobKwGL1HPrXA,spotify:track:5rEvuW4YhwobKwGL1HPrXA,https://api.spotify.com/v1/tracks/5rEvuW4YhwobKwGL1HPrXA,https://api.spotify.com/v1/audio-analysis/5rEvuW4YhwobKwGL1HPrXA,252733,4
55,0.418,0.42,0,-6.444,1,0.0414,0.588,6.39e-05,0.11,0.184,84.094,audio_features,5Nm9ERjJZ5oyfXZTECKmRt,spotify:track:5Nm9ERjJZ5oyfXZTECKmRt,https://api.spotify.com/v1/tracks/5Nm9ERjJZ5oyfXZTECKmRt,https://api.spotify.com/v1/audio-analysis/5Nm9ERjJZ5oyfXZTECKmRt,172724,4
56,0.642,0.289,9,-9.918,1,0.0367,0.669,0.0,0.18,0.407,84.996,audio_features,1VdZ0vKfR5jneCmWIUAMxK,spotify:track:1VdZ0vKfR5jneCmWIUAMxK,https://api.spotify.com/v1/tracks/1VdZ0vKfR5jneCmWIUAMxK,https://api.spotify.com/v1/audio-analysis/1VdZ0vKfR5jneCmWIUAMxK,258373,4
57,0.609,0.668,7,-4.284,1,0.0367,0.0552,0.0,0.167,0.811,80.924,audio_features,3DXncPQOG4VBw3QHh3S817,spotify:track:3DXncPQOG4VBw3QHh3S817,https://api.spotify.com/v1/tracks/3DXncPQOG4VBw3QHh3S817,https://api.spotify.com/v1/audio-analysis/3DXncPQOG4VBw3QHh3S817,288600,4
58,0.574,0.512,5,-6.664,0,0.0503,0.234,0.0,0.0946,0.512,76.899,audio_features,4rHZZAmHpZrA3iH5zx8frV,spotify:track:4rHZZAmHpZrA3iH5zx8frV,https://api.spotify.com/v1/tracks/4rHZZAmHpZrA3iH5zx8frV,https://api.spotify.com/v1/audio-analysis/4rHZZAmHpZrA3iH5zx8frV,484147,4
59,0.638,0.826,8,-4.968,1,0.0479,0.139,0.0,0.0803,0.649,124.072,audio_features,4lCv7b86sLynZbXhfScfm2,spotify:track:4lCv7b86sLynZbXhfScfm2,https://api.spotify.com/v1/tracks/4lCv7b86sLynZbXhfScfm2,https://api.spotify.com/v1/audio-analysis/4lCv7b86sLynZbXhfScfm2,227880,4
60,0.599,0.448,8,-6.312,1,0.0232,0.163,0.0,0.106,0.168,95.05,audio_features,0tgVpDi06FyKpA1z0VMD4v,spotify:track:0tgVpDi06FyKpA1z0VMD4v,https://api.spotify.com/v1/tracks/0tgVpDi06FyKpA1z0VMD4v,https://api.spotify.com/v1/audio-analysis/0tgVpDi06FyKpA1z0VMD4v,263400,3
61,0.845,0.567,5,-8.118,0,0.0956,0.59,0.00142,0.0811,0.793,125.02,audio_features,4B0JvthVoAAuygILe3n4Bs,spotify:track:4B0JvthVoAAuygILe3n4Bs,https://api.spotify.com/v1/tracks/4B0JvthVoAAuygILe3n4Bs,https://api.spotify.com/v1/audio-analysis/4B0JvthVoAAuygILe3n4Bs,205680,4
62,0.706,0.643,11,-6.929,0,0.234,0.0242,0.0,0.262,0.885,143.931,audio_features,0yvPEnB032fojLfVluFjUv,spotify:track:0yvPEnB032fojLfVluFjUv,https://api.spotify.com/v1/tracks/0yvPEnB032fojLfVluFjUv,https://api.spotify.com/v1/audio-analysis/0yvPEnB032fojLfVluFjUv,203760,4
63,0.562,0.939,0,-4.282,1,0.0475,0.046,0.0,0.112,0.684,116.044,audio_features,1nInOsHbtotAmEOQhtvnzP,spotify:track:1nInOsHbtotAmEOQhtvnzP,https://api.spotify.com/v1/tracks/1nInOsHbtotAmEOQhtvnzP,https://api.spotify.com/v1/audio-analysis/1nInOsHbtotAmEOQhtvnzP,221947,4
64,0.607,0.536,10,-7.306,1,0.0305,0.386,0.0,0.102,0.434,147.986,audio_features,10M2Ex445zw585Ducldzkw,spotify:track:10M2Ex445zw585Ducldzkw,https://api.spotify.com/v1/tracks/10M2Ex445zw585Ducldzkw,https://api.spotify.com/v1/audio-analysis/10M2Ex445zw585Ducldzkw,224853,4
65,0.635,0.903,7,-3.588,1,0.0323,0.0472,0.0,0.255,0.559,100.08,audio_features,3IPkbTA8KkdDXyWtGkfFXa,spotify:track:3IPkbTA8KkdDXyWtGkfFXa,https://api.spotify.com/v1/tracks/3IPkbTA8KkdDXyWtGkfFXa,https://api.spotify.com/v1/audio-analysis/3IPkbTA8KkdDXyWtGkfFXa,182693,4
66,0.613,0.839,9,-3.799,0,0.0352,0.000854,0.0,0.341,0.526,104.975,audio_features,2d48mamATjby7wgPjdrSOQ,spotify:track:2d48mamATjby7wgPjdrSOQ,https://api.spotify.com/v1/tracks/2d48mamATjby7wgPjdrSOQ,https://api.spotify.com/v1/audio-analysis/2d48mamATjby7wgPjdrSOQ,223627,4
67,0.634,0.668,5,-5.488,1,0.0291,0.14,0.0,0.216,0.635,80.989,audio_features,2mfahQ0EaaZWq4cFNg6A1o,spotify:track:2mfahQ0EaaZWq4cFNg6A1o,https://api.spotify.com/v1/tracks/2mfahQ0EaaZWq4cFNg6A1o,https://api.spotify.com/v1/audio-analysis/2mfahQ0EaaZWq4cFNg6A1o,224627,4
68,0.608,0.928,6,-2.724,0,0.0883,0.133,0.0,0.103,0.738,130.012,audio_features,5w3NgfV8v1nNZFLUBlGHIL,spotify:track:5w3NgfV8v1nNZFLUBlGHIL,https://api.spotify.com/v1/tracks/5w3NgfV8v1nNZFLUBlGHIL,https://api.spotify.com/v1/audio-analysis/5w3NgfV8v1nNZFLUBlGHIL,177306,4
69,0.661,0.75,7,-5.497,1,0.0314,0.0303,0.000132,0.0849,0.828,130.077,audio_features,30MM5jWpUmOxtTNd9Ey5LZ,spotify:track:30MM5jWpUmOxtTNd9Ey5LZ,https://api.spotify.com/v1/tracks/30MM5jWpUmOxtTNd9Ey5LZ,https://api.spotify.com/v1/audio-analysis/30MM5jWpUmOxtTNd9Ey5LZ,157080,4
70,0.47,0.852,4,-5.874,1,0.0933,0.163,2.04e-06,0.281,0.773,168.063,audio_features,2n5ZD87XQ2yvIxGjoYbUmZ,spotify:track:2n5ZD87XQ2yvIxGjoYbUmZ,https://api.spotify.com/v1/tracks/2n5ZD87XQ2yvIxGjoYbUmZ,https://api.spotify.com/v1/audio-analysis/2n5ZD87XQ2yvIxGjoYbUmZ,183200,4
71,0.669,0.617,10,-8.72,1,0.057,0.401,0.0,0.119,0.621,147.992,audio_features,2yQZwi1P8AkkxxFhQ8rMEK,spotify:track:2yQZwi1P8AkkxxFhQ8rMEK,https://api.spotify.com/v1/tracks/2yQZwi1P8AkkxxFhQ8rMEK,https://api.spotify.com/v1/audio-analysis/2yQZwi1P8AkkxxFhQ8rMEK,222573,4
72,0.846,0.711,0,-7.939,1,0.061,0.496,0.0,0.247,0.883,120.013,audio_features,6UsoV6X96Rox9mfxoz7SFy,spotify:track:6UsoV6X96Rox9mfxoz7SFy,https://api.spotify.com/v1/tracks/6UsoV6X96Rox9mfxoz7SFy,https://api.spotify.com/v1/audio-analysis/6UsoV6X96Rox9mfxoz7SFy,197840,4
73,0.492,0.681,6,-7.038,1,0.075,0.143,0.0,0.199,0.511,178.01,audio_features,1mJMD1VIQ7jWTP9DK2zmY0,spotify:track:1mJMD1VIQ7jWTP9DK2zmY0,https://api.spotify.com/v1/tracks/1mJMD1VIQ7jWTP9DK2zmY0,https://api.spotify.com/v1/audio-analysis/1mJMD1VIQ7jWTP9DK2zmY0,212445,4
74,0.582,0.568,1,-6.051,1,0.0297,0.196,0.0,0.0841,0.64,76.025,audio_features,3T6MAweakkNrMYs8jZIWtg,spotify:track:3T6MAweakkNrMYs8jZIWtg,https://api.spotify.com/v1/tracks/3T6MAweakkNrMYs8jZIWtg,https://api.spotify.com/v1/audio-analysis/3T6MAweakkNrMYs8jZIWtg,207187,4
75,0.488,0.637,10,-7.63,1,0.0401,0.265,0.0,0.106,0.23,88.872,audio_features,1KTLLe980WR4RLKg74Ud6e,spotify:track:1KTLLe980WR4RLKg74Ud6e,https://api.spotify.com/v1/tracks/1KTLLe980WR4RLKg74Ud6e,https://api.spotify.com/v1/audio-analysis/1KTLLe980WR4RLKg74Ud6e,208653,4
76,0.643,0.783,10,-6.458,1,0.0856,0.047,0.0,0.083,0.579,154.084,audio_features,7iDa6hUg2VgEL1o1HjmfBn,spotify:track:7iDa6hUg2VgEL1o1HjmfBn,https://api.spotify.com/v1/tracks/7iDa6hUg2VgEL1o1HjmfBn,https://api.spotify.com/v1/audio-analysis/7iDa6hUg2VgEL1o1HjmfBn,163870,4
77,0.446,0.759,2,-5.053,1,0.0331,0.0636,0.0,0.098,0.56,170.17,audio_features,4hxPwjXNymrxLJD4YaeH1b,spotify:track:4hxPwjXNymrxLJD4YaeH1b,https://api.spotify.com/v1/tracks/4hxPwjXNymrxLJD4YaeH1b,https://api.spotify.com/v1/audio-analysis/4hxPwjXNymrxLJD4YaeH1b,172102,4
78,0.333,0.412,3,-8.633,1,0.029,0.0977,0.0,0.113,0.474,85.028,audio_features,0OWZFobGSIW9GrSlQ9C5pc,spotify:track:0OWZFobGSIW9GrSlQ9C5pc,https://api.spotify.com/v1/tracks/0OWZFobGSIW9GrSlQ9C5pc,https://api.spotify.com/v1/audio-analysis/0OWZFobGSIW9GrSlQ9C5pc,205453,4
79,0.612,0.799,10,-4.603,1,0.0275,0.00898,0.0,0.172,0.687,125.976,audio_features,7zVCrzzEJU7u24sbJPXA5W,spotify:track:7zVCrzzEJU7u24sbJPXA5W,https://api.spotify.com/v1/tracks/7zVCrzzEJU7u24sbJPXA5W,https://api.spotify.com/v1/audio-analysis/7zVCrzzEJU7u24sbJPXA5W,188253,4
80,0.553,0.747,9,-5.432,1,0.0279,0.106,0.0,0.154,0.521,90.012,audio_features,3I7krC8kr0gFR7P6vInR1I,spotify:track:3I7krC8kr0gFR7P6vInR1I,https://api.spotify.com/v1/tracks/3I7krC8kr0gFR7P6vInR1I,https://api.spotify.com/v1/audio-analysis/3I7krC8kr0gFR7P6vInR1I,234307,4
81,0.557,0.807,7,-5.428,1,0.0825,0.189,0.0,0.234,0.578,81.045,audio_features,11fWR3u9wjDMW4oVDbUbyT,spotify:track:11fWR3u9wjDMW4oVDbUbyT,https://api.spotify.com/v1/tracks/11fWR3u9wjDMW4oVDbUbyT,https://api.spotify.com/v1/audio-analysis/11fWR3u9wjDMW4oVDbUbyT,171493,4
82,0.622,0.906,9,-3.401,1,0.0529,0.239,0.0,0.157,0.454,102.98,audio_features,0p3koX3t8IuRzXV3R31WD8,spotify:track:0p3koX3t8IuRzXV3R31WD8,https://api.spotify.com/v1/tracks/0p3koX3t8IuRzXV3R31WD8,https://api.spotify.com/v1/audio-analysis/0p3koX3t8IuRzXV3R31WD8,202213,4
83,0.727,0.68,2,-4.498,1,0.0286,0.0101,0.0,0.0821,0.728,132.012,audio_features,6cmm1LMvZdB5zsCwX5BjqE,spotify:track:6cmm1LMvZdB5zsCwX5BjqE,https://api.spotify.com/v1/tracks/6cmm1LMvZdB5zsCwX5BjqE,https://api.spotify.com/v1/audio-analysis/6cmm1LMvZdB5zsCwX5BjqE,212507,4
84,0.727,0.974,4,-2.261,0,0.0664,0.103,0.000532,0.174,0.965,79.526,audio_features,2PpruBYCo4H7WOBJ7Q2EwM,spotify:track:2PpruBYCo4H7WOBJ7Q2EwM,https://api.spotify.com/v1/tracks/2PpruBYCo4H7WOBJ7Q2EwM,https://api.spotify.com/v1/audio-analysis/2PpruBYCo4H7WOBJ7Q2EwM,235213,4
85,0.583,0.732,11,-5.728,0,0.0457,0.00312,9.86e-06,0.269,0.276,145.992,audio_features,6v4F5IaKUITBPzt2wztoiZ,spotify:track:6v4F5IaKUITBPzt2wztoiZ,https://api.spotify.com/v1/tracks/6v4F5IaKUITBPzt2wztoiZ,https://api.spotify.com/v1/audio-analysis/6v4F5IaKUITBPzt2wztoiZ,213428,4
86,0.664,0.714,7,-6.645,0,0.111,0.0353,8.42e-06,0.0843,0.71,101.969,audio_features,0vbtURX4qv1l7besfwmnD8,spotify:track:0vbtURX4qv1l7besfwmnD8,https://api.spotify.com/v1/tracks/0vbtURX4qv1l7besfwmnD8,https://api.spotify.com/v1/audio-analysis/0vbtURX4qv1l7besfwmnD8,197933,4
87,0.53,0.422,5,-6.262,1,0.0342,0.407,0.0,0.107,0.349,119.964,audio_features,2vwlzO0Qp8kfEtzTsCXfyE,spotify:track:2vwlzO0Qp8kfEtzTsCXfyE,https://api.spotify.com/v1/tracks/2vwlzO0Qp8kfEtzTsCXfyE,https://api.spotify.com/v1/audio-analysis/2vwlzO0Qp8kfEtzTsCXfyE,221360,4
88,0.699,0.529,2,-7.548,1,0.0487,0.0317,3.59e-05,0.285,0.121,119.987,audio_features,3DmW6y7wTEYHJZlLo1r6XJ,spotify:track:3DmW6y7wTEYHJZlLo1r6XJ,https://api.spotify.com/v1/tracks/3DmW6y7wTEYHJZlLo1r6XJ,https://api.spotify.com/v1/audio-analysis/3DmW6y7wTEYHJZlLo1r6XJ,206167,4
89,0.64,0.533,0,-6.596,1,0.0706,0.119,0.0,0.0864,0.515,99.968,audio_features,3eR23VReFzcdmS7TYCrhCe,spotify:track:3eR23VReFzcdmS7TYCrhCe,https://api.spotify.com/v1/tracks/3eR23VReFzcdmS7TYCrhCe,https://api.spotify.com/v1/audio-analysis/3eR23VReFzcdmS7TYCrhCe,220781,4
90,0.635,0.691,0,-4.862,1,0.258,0.555,0.0,0.097,0.638,82.142,audio_features,154Z2G9kyrSZgmXmJwiytO,spotify:track:154Z2G9kyrSZgmXmJwiytO,https://api.spotify.com/v1/tracks/154Z2G9kyrSZgmXmJwiytO,https://api.spotify.com/v1/audio-analysis/154Z2G9kyrSZgmXmJwiytO,217419,4
91,0.361,0.831,7,-1.944,1,0.198,0.147,0.0,0.244,0.24,168.617,audio_features,568BqBOqxp0xyv93dmjv3Q,spotify:track:568BqBOqxp0xyv93dmjv3Q,https://api.spotify.com/v1/tracks/568BqBOqxp0xyv93dmjv3Q,https://api.spotify.com/v1/audio-analysis/568BqBOqxp0xyv93dmjv3Q,238773,4
92,0.72,0.763,9,-4.068,0,0.0523,0.406,0.0,0.18,0.742,101.965,audio_features,5knuzwU65gJK7IF5yJsuaW,spotify:track:5knuzwU65gJK7IF5yJsuaW,https://api.spotify.com/v1/tracks/5knuzwU65gJK7IF5yJsuaW,https://api.spotify.com/v1/audio-analysis/5knuzwU65gJK7IF5yJsuaW,251088,4
93,0.728,0.859,5,-5.237,0,0.137,0.0401,0.0,0.111,0.535,65.043,audio_features,6epn3r7S14KUqlReYr77hA,spotify:track:6epn3r7S14KUqlReYr77hA,https://api.spotify.com/v1/tracks/6epn3r7S14KUqlReYr77hA,https://api.spotify.com/v1/audio-analysis/6epn3r7S14KUqlReYr77hA,214240,4
94,0.583,0.829,1,-4.603,1,0.134,0.00864,0.0,0.0426,0.575,174.028,audio_features,49FYlytm3dAAraYgpoJZux,spotify:track:49FYlytm3dAAraYgpoJZux,https://api.spotify.com/v1/tracks/49FYlytm3dAAraYgpoJZux,https://api.spotify.com/v1/audio-analysis/49FYlytm3dAAraYgpoJZux,275987,4
95,0.706,0.751,9,-6.323,1,0.0708,0.173,0.0,0.168,0.195,91.031,audio_features,5vlEg2fT4cFWAqU5QptIpQ,spotify:track:5vlEg2fT4cFWAqU5QptIpQ,https://api.spotify.com/v1/tracks/5vlEg2fT4cFWAqU5QptIpQ,https://api.spotify.com/v1/audio-analysis/5vlEg2fT4cFWAqU5QptIpQ,182307,4
96,0.751,0.783,4,-3.724,1,0.0859,0.00379,0.0,0.036,0.816,119.975,audio_features,2CEgGE6aESpnmtfiZwYlbV,spotify:track:2CEgGE6aESpnmtfiZwYlbV,https://api.spotify.com/v1/tracks/2CEgGE6aESpnmtfiZwYlbV,https://api.spotify.com/v1/audio-analysis/2CEgGE6aESpnmtfiZwYlbV,202613,4
97,0.743,0.766,0,-6.375,1,0.0265,0.0873,0.0,0.509,0.61,127.96,audio_features,4kLLWz7srcuLKA7Et40PQR,spotify:track:4kLLWz7srcuLKA7Et40PQR,https://api.spotify.com/v1/tracks/4kLLWz7srcuLKA7Et40PQR,https://api.spotify.com/v1/audio-analysis/4kLLWz7srcuLKA7Et40PQR,289133,4
98,0.672,0.738,0,-7.045,1,0.0506,0.0178,6.75e-05,0.0927,0.392,107.938,audio_features,67WTwafOMgegV6ABnBQxcE,spotify:track:67WTwafOMgegV6ABnBQxcE,https://api.spotify.com/v1/tracks/67WTwafOMgegV6ABnBQxcE,https://api.spotify.com/v1/audio-analysis/67WTwafOMgegV6ABnBQxcE,277040,4
99,0.836,0.509,0,-13.668,1,0.0548,0.467,4.1e-06,0.0436,0.949,138.714,audio_features,5IMtdHjJ1OtkxbGe4zfUxQ,spotify:track:5IMtdHjJ1OtkxbGe4zfUxQ,https://api.spotify.com/v1/tracks/5IMtdHjJ1OtkxbGe4zfUxQ,https://api.spotify.com/v1/audio-analysis/5IMtdHjJ1OtkxbGe4zfUxQ,276493,4
